id;my_post_response;post_id;responder_id;my_post_reponse_status;created_by;created_date;modified_by;modified_date;comments;active
1;Avon Human azure;68697;3285;INPROCESS;4456;2020-06-21;11089;2020-06-21;invoice;true
2;ADP Trafficway;89550;17660;APPROVED;2025;2020-06-20;43082;2020-06-20;invoice Buckinghamshire Clothing;false
3;Ergonomic Rubber Bike;44340;48228;INPROCESS;95681;2020-06-20;22895;2020-06-21;Bouvet Island (Bouvetoya);true
4;North Carolina;30290;50419;APPROVED;65717;2020-06-21;49392;2020-06-21;invoice;false
5;Managed;15076;18048;INPROCESS;77838;2020-06-21;3555;2020-06-20;bypassing Licensed Steel Tuna;true
6;incremental;48672;76973;REJECT;82485;2020-06-21;46586;2020-06-20;multi-state;false
7;navigate Central Tasty Plastic Fish;81599;21674;APPROVED;73512;2020-06-21;2404;2020-06-21;Borders Sleek Rubber Shoes;true
8;Alaska auxiliary;46854;3300;APPROVED;74725;2020-06-21;41767;2020-06-21;B2C;true
9;Berkshire;51157;24642;REJECT;16173;2020-06-20;76818;2020-06-21;Hat quantifying;false
10;Lead payment Row;28185;43539;INPROCESS;11430;2020-06-21;20444;2020-06-21;reboot Granite;true
